Designator,Val,Package,Mid X,Mid Y,Rotation,Layer
C1,100n,C_0805_2012Metric,50.206249,-94.307,180.0,top
C2,100n,C_0805_2012Metric,43.993749,-95.933249,180.0,top
C3,100n,C_0402_1005Metric,57.974277,-146.1395,180.0,top
C4,100n,C_0402_1005Metric,66.524249,-156.089499,-135.0,top
C5,100n,C_0402_1005Metric,64.524249,-153.289499,180.0,top
C6,1u,CP_EIA-3216-10_Kemet-I_Pad1.58x1.35mm_HandSolder,88.7,-166.144499,90.0,top
C7,100n,C_0402_1005Metric,67.124249,-143.769499,-90.0,top
C8,100n,C_0805_2012Metric,44.768749,-148.558874,0.0,top
C9,10u,CP_EIA-3216-10_Kemet-I_Pad1.58x1.35mm_HandSolder,53.524249,-140.089499,0.0,top
C10,1u,C_0402_1005Metric,77.124249,-157.789499,-90.0,top
C11,10n,C_0402_1005Metric,75.724249,-157.789499,-90.0,top
C12,1u,CP_EIA-3216-10_Kemet-I_Pad1.58x1.35mm_HandSolder,94.7,-94.0,270.0,top
C13,1u,CP_EIA-3216-10_Kemet-I_Pad1.58x1.35mm_HandSolder,63.518749,-92.894499,270.0,top
C14,10u,C_0805_2012Metric,46.568749,-153.758874,0.0,top
C15,16p,C_0402_1005Metric,74.124249,-157.819499,-90.0,top
C16,16p,C_0402_1005Metric,67.924249,-159.339499,-90.0,top
C17,100n,C_0402_1005Metric,77.124249,-144.889499,180.0,top
C18,4.7u,C_0402_1005Metric,77.974277,-146.9395,180.0,top
C19,100n,C_0805_2012Metric,43.918749,-99.694499,90.0,top
C20,100n,C_0805_2012Metric,62.918749,-99.694499,90.0,top
C21,100n,C_0805_2012Metric,78.318749,-98.094499,90.0,top
C22,100n,C_0805_2012Metric,104.0,-98.4,90.0,top
C23,100n,C_0805_2012Metric,127.6,-101.8,0.0,top
C24,100n,C_0805_2012Metric,144.8,-101.6,0.0,top
C25,100n,C_0805_2012Metric,163.4,-101.8,0.0,top
C26,100n,C_0805_2012Metric,182.45,-101.8,0.0,top
C27,100n,C_0805_2012Metric,201.5,-101.8,0.0,top
C28,100n,C_0805_2012Metric,220.55,-101.8,0.0,top
C29,100n,C_0805_2012Metric,239.6,-101.8,0.0,top
C30,100n,C_0805_2012Metric,258.65,-101.8,0.0,top
C31,100n,C_0805_2012Metric,277.7,-101.8,0.0,top
C32,100n,C_0805_2012Metric,296.75,-101.8,0.0,top
C33,100n,C_0805_2012Metric,315.8,-101.8,0.0,top
C34,100n,C_0805_2012Metric,334.85,-101.8,0.0,top
C35,100n,C_0805_2012Metric,353.9,-101.8,0.0,top
C36,100n,C_0805_2012Metric,350.9,-176.456999,-90.0,top
C37,100n,C_0805_2012Metric,334.25,-170.774251,-90.0,top
C38,100n,C_0805_2012Metric,314.05,-170.774251,-90.0,top
C39,100n,C_0805_2012Metric,297.05,-168.371875,-90.0,top
C40,100n,C_0805_2012Metric,276.45,-168.694499,-90.0,top
C41,100n,C_0805_2012Metric,256.209375,-168.694499,-90.0,top
C42,100n,C_0805_2012Metric,238.35,-168.694499,-90.0,top
C43,100n,C_0805_2012Metric,219.3,-168.694499,-90.0,top
C44,100n,C_0805_2012Metric,199.059375,-168.056999,-90.0,top
C45,100n,C_0805_2012Metric,180.009375,-168.694499,-90.0,top
C46,100n,C_0805_2012Metric,162.15,-168.694499,-90.0,top
C47,100n,C_0805_2012Metric,137.7,-173.978394,-90.0,top
C48,100n,C_0805_2012Metric,110.3,-175.944499,180.0,top
C49,100n,C_0805_2012Metric,88.3,-173.494019,-90.0,top
C50,100n,C_0805_2012Metric,64.520001,-176.144499,180.0,top
C51,100n,C_0805_2012Metric,49.8,-172.374251,-90.0,top
D1,SMF6.0A,D_SOD-123,85.906249,-166.094499,-90.0,top
D2,RB060M-60TR,D_SOD-123,66.518749,-92.894499,-90.0,top
D3,1N4148W,D_SOD-123,41.568749,-151.158874,180.0,top
D4,WS2812C-2020,LED_WS2812_2020,46.831249,-100.163249,0.0,top
D5,WS2812C-2020,LED_WS2812_2020,65.881249,-100.163249,0.0,top
D6,WS2812C-2020,LED_WS2812_2020,84.518749,-107.494499,90.0,top
D7,WS2812C-2020,LED_WS2812_2020,107.553124,-98.972624,0.0,top
D8,WS2812C-2020,LED_WS2812_2020,127.4,-99.0,0.0,top
D9,WS2812C-2020,LED_WS2812_2020,144.462499,-98.972624,0.0,top
D10,WS2812C-2020,LED_WS2812_2020,163.512499,-98.972624,0.0,top
D11,WS2812C-2020,LED_WS2812_2020,182.562499,-98.972624,0.0,top
D12,WS2812C-2020,LED_WS2812_2020,201.612499,-98.972624,0.0,top
D13,WS2812C-2020,LED_WS2812_2020,220.662499,-98.972624,0.0,top
D14,WS2812C-2020,LED_WS2812_2020,239.712499,-98.972624,0.0,top
D15,WS2812C-2020,LED_WS2812_2020,258.762499,-98.972624,0.0,top
D16,WS2812C-2020,LED_WS2812_2020,277.812499,-98.972624,0.0,top
D17,WS2812C-2020,LED_WS2812_2020,296.862499,-98.972624,0.0,top
D18,WS2812C-2020,LED_WS2812_2020,315.912499,-98.972624,0.0,top
D19,WS2812C-2020,LED_WS2812_2020,334.962499,-98.972624,0.0,top
D20,WS2812C-2020,LED_WS2812_2020,354.012499,-98.972624,0.0,top
D21,WS2812C-2020,LED_WS2812_2020_uparrow,358.768749,-168.028874,0.0,top
D22,WS2812C-2020,LED_WS2812_2020_uparrow,331.25,-171.171875,180.0,top
D23,WS2812C-2020,LED_WS2812_2020_uparrow,310.65,-171.171875,180.0,top
D24,WS2812C-2020,LED_WS2812_2020_uparrow,293.818749,-168.028874,180.0,top
D25,WS2812C-2020,LED_WS2812_2020_uparrow,273.578124,-169.219499,180.0,top
D26,WS2812C-2020,LED_WS2812_2020_uparrow,253.337499,-169.219499,180.0,top
D27,WS2812C-2020,LED_WS2812_2020_uparrow,235.478124,-169.219499,180.0,top
D28,WS2812C-2020,LED_WS2812_2020_uparrow,216.428124,-169.219499,180.0,top
D29,WS2812C-2020,LED_WS2812_2020_uparrow,196.187499,-168.028874,180.0,top
D30,WS2812C-2020,LED_WS2812_2020_uparrow,177.137499,-168.028874,180.0,top
D31,WS2812C-2020,LED_WS2812_2020,159.278124,-169.219499,180.0,top
D32,WS2812C-2020,LED_WS2812_2020,134.5,-172.791374,180.0,top
D33,WS2812C-2020,LED_WS2812_2020,109.934374,-172.791374,90.0,top
D34,WS2812C-2020,LED_WS2812_2020,85.1,-173.344499,180.0,top
D35,WS2812C-2020,LED_WS2812_2020,64.5,-172.791374,90.0,top
D36,WS2812C-2020,LED_WS2812_2020,46.581249,-172.791374,180.0,top
D37,1N4148W,D_SOD-123,356.393749,-83.494499,90.0,top
D38,1N4148W,D_SOD-123,351.631249,-83.494499,90.0,top
D39,1N4148W,D_SOD-123,334.962499,-87.066374,90.0,top
D40,1N4148W,D_SOD-123,315.912499,-87.066374,90.0,top
D41,1N4148W,D_SOD-123,296.862499,-87.066374,90.0,top
D42,1N4148W,D_SOD-123,277.812499,-87.066374,90.0,top
D43,1N4148W,D_SOD-123,251.618749,-83.494499,90.0,top
D44,1N4148W,D_SOD-123,232.568749,-83.494499,90.0,top
D45,1N4148W,D_SOD-123,213.518749,-83.494499,90.0,top
D46,1N4148W,D_SOD-123,193.278124,-83.494499,90.0,top
D47,1N4148W,D_SOD-123,171.846874,-83.494499,90.0,top
D48,1N4148W,D_SOD-123,149.815549,-87.066374,90.0,top
D49,1N4148W,D_SOD-123,130.841749,-88.256999,90.0,top
D50,1N4148W,D_SOD-123,108.743749,-83.494499,90.0,top
D51,1N4148W,D_SOD-123,67.071874,-83.494499,90.0,top
D52,1N4148W,D_SOD-123,64.690624,-83.494499,90.0,top
D53,1N4148W,D_SOD-123,46.831249,-83.494499,90.0,top
D54,1N4148W,D_SOD-123,357.584374,-107.306999,90.0,top
D55,1N4148W,D_SOD-123,355.203124,-107.306999,90.0,top
D56,1N4148W,D_SOD-123,337.184999,-107.306999,90.0,top
D57,1N4148W,D_SOD-123,318.293749,-107.306999,90.0,top
D58,1N4148W,D_SOD-123,299.243749,-107.306999,90.0,top
D59,1N4148W,D_SOD-123,280.193749,-107.306999,90.0,top
D60,1N4148W,D_SOD-123,261.143749,-107.306999,90.0,top
D61,1N4148W,D_SOD-123,242.093749,-107.306999,90.0,top
D62,1N4148W,D_SOD-123,223.043749,-107.306999,90.0,top
D63,1N4148W,D_SOD-123,203.993749,-107.306999,90.0,top
D64,1N4148W,D_SOD-123,184.943749,-107.306999,90.0,top
D65,1N4148W,D_SOD-123,165.893749,-107.306999,90.0,top
D66,1N4148W,D_SOD-123,146.843749,-107.306999,90.0,top
D67,1N4148W,D_SOD-123,128.984374,-107.306999,90.0,top
D68,1N4148W,D_SOD-123,103.981249,-112.069499,90.0,top
D69,1N4148W,D_SOD-123,64.690624,-107.306999,90.0,top
D70,1N4148W,D_SOD-123,46.831249,-107.306999,90.0,top
D71,1N4148W,D_SOD-123,351.631249,-126.356999,90.0,top
D72,1N4148W,D_SOD-123,346.868749,-126.356999,90.0,top
D73,1N4148W,D_SOD-123,327.818749,-126.356999,90.0,top
D74,1N4148W,D_SOD-123,308.768749,-126.356999,90.0,top
D75,1N4148W,D_SOD-123,289.718749,-126.356999,90.0,top
D76,1N4148W,D_SOD-123,270.668749,-126.356999,90.0,top
D77,1N4148W,D_SOD-123,251.618749,-126.356999,90.0,top
D78,1N4148W,D_SOD-123,232.568749,-126.356999,90.0,top
D79,1N4148W,D_SOD-123,213.518749,-126.356999,90.0,top
D80,1N4148W,D_SOD-123,194.468749,-126.356999,90.0,top
D81,1N4148W,D_SOD-123,175.418749,-126.356999,90.0,top
D82,1N4148W,D_SOD-123,156.368749,-126.356999,90.0,top
D83,1N4148W,D_SOD-123,137.318749,-126.356999,90.0,top
D84,1N4148W,D_SOD-123,118.268749,-125.166374,90.0,top
D85,1N4148W,D_SOD-123,67.071874,-107.306999,90.0,top
D86,1N4148W,D_SOD-123,64.690624,-126.356999,90.0,top
D87,1N4148W,D_SOD-123,46.831249,-126.356999,90.0,top
D88,1N4148W,D_SOD-123,348.059374,-145.406999,90.0,top
D89,1N4148W,D_SOD-123,343.296874,-145.406999,90.0,top
D90,1N4148W,D_SOD-123,323.056249,-145.406999,90.0,top
D91,1N4148W,D_SOD-123,304.006249,-145.406999,90.0,top
D92,1N4148W,D_SOD-123,284.956249,-145.406999,90.0,top
D93,1N4148W,D_SOD-123,265.906249,-145.406999,90.0,top
D94,1N4148W,D_SOD-123,246.856249,-145.406999,90.0,top
D95,1N4148W,D_SOD-123,227.806249,-145.406999,90.0,top
D96,1N4148W,D_SOD-123,208.756249,-145.406999,90.0,top
D97,1N4148W,D_SOD-123,189.706249,-145.406999,90.0,top
D98,1N4148W,D_SOD-123,170.656249,-145.406999,90.0,top
D99,1N4148W,D_SOD-123,151.606249,-145.406999,90.0,top
D100,1N4148W,D_SOD-123,131.365624,-145.406999,90.0,top
D101,1N4148W,D_SOD-123,133.746874,-145.406999,90.0,top
D102,1N4148W,D_SOD-123,67.071874,-126.356999,90.0,top
D103,1N4148W,D_SOD-123,331.318749,-163.266374,90.0,top
D104,1N4148W,D_SOD-123,333.918749,-163.266374,90.0,top
D105,1N4148W,D_SOD-123,314.721874,-163.266374,90.0,top
D106,1N4148W,D_SOD-123,312.340624,-163.266374,90.0,top
D107,1N4148W,D_SOD-123,294.481249,-163.266374,90.0,top
D108,1N4148W,D_SOD-123,275.431249,-163.266374,90.0,top
D109,1N4148W,D_SOD-123,256.381249,-163.266374,90.0,top
D110,1N4148W,D_SOD-123,237.331249,-163.266374,90.0,top
D111,1N4148W,D_SOD-123,218.281249,-163.266374,90.0,top
D112,1N4148W,D_SOD-123,199.231249,-163.266374,90.0,top
D113,1N4148W,D_SOD-123,180.181249,-163.266374,90.0,top
D114,1N4148W,D_SOD-123,161.131249,-163.266374,90.0,top
D115,1N4148W,D_SOD-123,138.509374,-163.266374,90.0,top
D116,1N4148W,D_SOD-123,92.074999,-158.503874,90.0,top
D117,1N4148W,D_SOD-123,64.8,-165.4,90.0,top
D118,1N4148W,D_SOD-123,351.631249,-182.316374,90.0,top
D119,1N4148W,D_SOD-123,348.718749,-182.316374,90.0,top
D120,1N4148W,D_SOD-123,326.628124,-183.506999,90.0,top
D121,1N4148W,D_SOD-123,256.381249,-183.506999,90.0,top
D122,1N4148W,D_SOD-123,182.562499,-183.506999,90.0,top
D123,1N4148W,D_SOD-123,161.131249,-183.506999,90.0,top
D124,1N4148W,D_SOD-123,137.318749,-183.506999,90.0,top
D125,1N4148W,D_SOD-123,113.506249,-183.506999,90.0,top
D126,1N4148W,D_SOD-123,84.931249,-183.506999,90.0,top
D127,1N4148W,D_SOD-123,65.881249,-183.506999,90.0,top
D128,1N4148W,D_SOD-123,46.831249,-179.935124,90.0,top
F1,mSMD110-16V,Fuse_1812_4532Metric,87.325172,-86.024728,90.0,top
FB1,CBW201209U121T,L_0805_2012Metric,90.968749,-87.358874,90.0,top
FB2,CBW201209U121T,L_0805_2012Metric,100.079999,-94.881999,0.0,top
J1,SM04B-SRSS-TB(LF)(SN),SM04B-SRSS-TB(LF)(SN)_mounting-reliefs,81.129999,-167.681999,-90.0,top
J2,TYPE-C-31-M12,TYPE-C-31-M-12,87.313249,-75.47,0.0,bottom
J3,SM04B-SRSS-TB(LF)(SN),SM04B-SRSS-TB(LF)(SN)_mounting-reliefs,87.312499,-102.544499,180.0,top
LED1,LED,LED_THT_2.54mm,99.218749,-88.574499,0.0,top
LED2,LED,LED_THT_2.54mm,75.406249,-88.574499,0.0,top
LED3,LED,LED_THT_2.54mm,37.306249,-88.574499,0.0,top
LED4,LED,LED_THT_2.54mm,365.918749,-88.574499,0.0,top
LED5,LED,LED_THT_2.54mm,342.106249,-88.574499,0.0,top
LED6,LED,LED_THT_2.54mm,327.818749,-88.574499,0.0,top
LED7,LED,LED_THT_2.54mm,323.056249,-88.574499,180.0,top
LED8,LED,LED_THT_2.54mm,308.768749,-88.574499,0.0,top
LED9,LED,LED_THT_2.54mm,304.006249,-88.574499,180.0,top
LED10,LED,LED_THT_2.54mm,289.718749,-88.574499,0.0,top
LED11,LED,LED_THT_2.54mm,284.956249,-88.574499,180.0,top
LED12,LED,LED_THT_2.54mm,261.143749,-88.574499,0.0,top
LED13,LED,LED_THT_2.54mm,270.668749,-88.574499,0.0,top
LED14,LED,LED_THT_2.54mm,242.093749,-88.574499,0.0,top
LED15,LED,LED_THT_2.54mm,223.043749,-88.574499,0.0,top
LED16,LED,LED_THT_2.54mm,203.993749,-88.574499,0.0,top
LED17,LED,LED_THT_2.54mm,184.943749,-88.574499,180.0,top
LED18,LED,LED_THT_2.54mm,181.371874,-88.574499,0.0,top
LED19,LED,LED_THT_2.54mm,162.321874,-88.574499,0.0,top
LED20,LED,LED_THT_2.54mm,156.368749,-88.574499,0.0,top
LED21,LED,LED_THT_2.54mm,143.271874,-88.574499,0.0,top
LED22,LED,LED_THT_2.54mm,137.318749,-88.574499,0.0,top
LED23,LED,LED_THT_2.54mm,124.221874,-88.574499,0.0,top
LED24,LED,LED_THT_2.54mm,118.268749,-88.574499,0.0,top
LED25,LED,LED_THT_2.54mm,56.356249,-88.574499,0.0,top
LED26,LED,LED_THT_2.54mm,75.406249,-112.386999,0.0,top
LED27,LED,LED_THT_2.54mm,56.356249,-112.386999,0.0,top
LED28,LED,LED_THT_2.54mm,37.306249,-112.386999,0.0,top
LED29,LED,LED_THT_2.54mm,365.918749,-112.386999,0.0,top
LED30,LED,LED_THT_2.54mm,346.868749,-112.386999,0.0,top
LED31,LED,LED_THT_2.54mm,327.818749,-112.386999,0.0,top
LED32,LED,LED_THT_2.54mm,308.768749,-112.386999,0.0,top
LED33,LED,LED_THT_2.54mm,289.718749,-112.386999,0.0,top
LED34,LED,LED_THT_2.54mm,270.668749,-112.386999,0.0,top
LED35,LED,LED_THT_2.54mm,251.618749,-112.386999,0.0,top
LED36,LED,LED_THT_2.54mm,232.568749,-112.386999,0.0,top
LED37,LED,LED_THT_2.54mm,213.518749,-112.386999,0.0,top
LED38,LED,LED_THT_2.54mm,194.468749,-112.386999,0.0,top
LED39,LED,LED_THT_2.54mm,175.418749,-112.386999,0.0,top
LED40,LED,LED_THT_2.54mm,156.368749,-112.386999,0.0,top
LED41,LED,LED_THT_2.54mm,137.318749,-112.386999,0.0,top
LED42,LED,LED_THT_2.54mm,118.268749,-112.386999,0.0,top
LED43,LED,LED_THT_2.54mm,108.743749,-112.386999,0.0,top
LED44,LED,LED_THT_2.54mm,99.218749,-112.386999,0.0,top
LED45,LED,LED_THT_2.54mm,103.981249,-131.436999,0.0,top
LED46,LED,LED_THT_2.54mm,75.406249,-131.436999,0.0,top
LED47,LED,LED_THT_2.54mm,56.356249,-131.436999,0.0,top
LED48,LED,LED_THT_2.54mm,37.306249,-131.436999,0.0,top
LED49,LED,LED_THT_2.54mm,361.156249,-131.436999,0.0,top
LED50,LED,LED_THT_2.54mm,337.343749,-131.436999,0.0,top
LED51,LED,LED_THT_2.54mm,318.293749,-131.436999,0.0,top
LED52,LED,LED_THT_2.54mm,299.243749,-131.436999,0.0,top
LED53,LED,LED_THT_2.54mm,280.193749,-131.436999,0.0,top
LED54,LED,LED_THT_2.54mm,261.143749,-131.436999,0.0,top
LED55,LED,LED_THT_2.54mm,242.093749,-131.436999,0.0,top
LED56,LED,LED_THT_2.54mm,223.043749,-131.436999,0.0,top
LED57,LED,LED_THT_2.54mm,203.993749,-131.436999,0.0,top
LED58,LED,LED_THT_2.54mm,184.943749,-131.436999,0.0,top
LED59,LED,LED_THT_2.54mm,165.893749,-131.436999,0.0,top
LED60,LED,LED_THT_2.54mm,146.843749,-131.436999,0.0,top
LED61,LED,LED_THT_2.54mm,127.793749,-131.436999,0.0,top
LED62,LED,LED_THT_2.54mm,106.679999,-135.881999,90.0,top
LED63,LED,LED_THT_2.54mm,275.431249,-150.486999,0.0,top
LED64,LED,LED_THT_2.54mm,199.231249,-150.486999,0.0,top
LED65,LED,LED_THT_2.54mm,180.181249,-150.486999,0.0,top
LED66,LED,LED_THT_2.54mm,161.131249,-150.486999,0.0,top
LED67,LED,LED_THT_2.54mm,111.124999,-150.486999,0.0,top
LED68,LED,LED_THT_2.54mm,358.774999,-150.486999,180.0,top
LED69,LED,LED_THT_2.54mm,363.537499,-150.486999,0.0,top
LED70,LED,LED_THT_2.54mm,332.581249,-150.486999,0.0,top
LED71,LED,LED_THT_2.54mm,313.531249,-150.486999,0.0,top
LED72,LED,LED_THT_2.54mm,294.481249,-150.486999,0.0,top
LED73,LED,LED_THT_2.54mm,256.381249,-150.486999,0.0,top
LED74,LED,LED_THT_2.54mm,237.331249,-150.486999,0.0,top
LED75,LED,LED_THT_2.54mm,218.281249,-150.486999,0.0,top
LED76,LED,LED_THT_2.54mm,142.081249,-150.486999,0.0,top
LED77,LED,LED_THT_2.54mm,123.031249,-150.486999,0.0,top
LED78,LED,LED_THT_2.54mm,363.537499,-169.536999,0.0,top
LED79,LED,LED_THT_2.54mm,354.012499,-169.536999,0.0,top
LED80,LED,LED_THT_2.54mm,304.006249,-169.536999,0.0,top
LED81,LED,LED_THT_2.54mm,284.956249,-169.536999,0.0,top
LED82,LED,LED_THT_2.54mm,265.906249,-169.536999,0.0,top
LED83,LED,LED_THT_2.54mm,246.856249,-169.536999,0.0,top
LED84,LED,LED_THT_2.54mm,227.806249,-169.536999,0.0,top
LED85,LED,LED_THT_2.54mm,208.756249,-169.536999,0.0,top
LED86,LED,LED_THT_2.54mm,189.706249,-169.536999,0.0,top
LED87,LED,LED_THT_2.54mm,170.656249,-169.536999,0.0,top
LED88,LED,LED_THT_2.54mm,151.606249,-169.536999,0.0,top
LED89,LED,LED_THT_2.54mm,115.887499,-169.536999,0.0,top
LED90,LED,LED_THT_2.54mm,99.218749,-169.536999,0.0,top
LED91,LED,LED_THT_2.54mm,56.356249,-169.536999,0.0,top
LED92,LED,LED_THT_2.54mm,342.106249,-169.536999,0.0,top
LED93,LED,LED_THT_2.54mm,323.056249,-169.536999,0.0,top
LED94,LED,LED_THT_2.54mm,125.412499,-169.536999,0.0,top
LED95,LED,LED_THT_2.54mm,75.406249,-188.586999,0.0,top
LED96,LED,LED_THT_2.54mm,363.537499,-188.586999,0.0,top
LED97,LED,LED_THT_2.54mm,361.156249,-188.586999,180.0,top
LED98,LED,LED_THT_2.54mm,339.724999,-188.586999,0.0,top
LED99,LED,LED_THT_2.54mm,337.343749,-188.586999,180.0,top
LED100,LED,LED_THT_2.54mm,315.912499,-188.586999,0.0,top
LED101,LED,LED_THT_2.54mm,313.753499,-188.586999,180.0,top
LED102,LED,LED_THT_2.54mm,244.474999,-188.586999,0.0,top
LED103,LED,LED_THT_2.54mm,232.568749,-188.586999,0.0,top
LED104,LED,LED_THT_2.54mm,173.037499,-188.586999,0.0,top
LED105,LED,LED_THT_2.54mm,151.606249,-188.586999,0.0,top
LED106,LED,LED_THT_2.54mm,149.224999,-188.586999,180.0,top
LED107,LED,LED_THT_2.54mm,127.793749,-188.586999,0.0,top
LED108,LED,LED_THT_2.54mm,125.412499,-188.586999,180.0,top
LED109,LED,LED_THT_2.54mm,103.981249,-188.586999,0.0,top
LED110,LED,LED_THT_2.54mm,101.599999,-188.586999,180.0,top
LED111,LED,LED_THT_2.54mm,56.356249,-188.586999,0.0,top
LED112,LED,LED_THT_2.54mm,37.306249,-188.586999,0.0,top
Q1,DTC123JKAT146,SOT-23,40.968749,-144.158874,180.0,top
Q2,AO3401A,SOT-23,90.568749,-137.628874,90.0,top
Q3,DTC123JKAT146,SOT-23,90.574998,-129.133662,90.0,top
Q4,DTC123JKAT146,SOT-23,353.774998,-153.733662,180.0,top
R1,1.5k,R_0402_1005Metric,60.574277,-150.3395,180.0,top
R2,1.5k,R_0402_1005Metric,60.574277,-148.3395,180.0,top
R3,10k,R_0805_2012Metric,50.206249,-91.906999,0.0,top
R4,1.5k,R_0402_1005Metric,69.32425,-140.339501,90.0,top
R5,100R,R_0805_2012Metric,40.768749,-148.558874,0.0,top
R6,0R,R_0805_2012Metric,77.406249,-137.106999,-90.0,top
R7,100k,R_0805_2012Metric,70.318749,-95.494499,180.0,top
R8,100k,R_0805_2012Metric,60.718749,-92.094499,90.0,top
R9,5.1k,R_0805_2012Metric,83.918749,-88.694499,90.0,bottom
R10,330k,R_0805_2012Metric,46.568749,-151.158874,0.0,top
R11,5.1k,R_0805_2012Metric,90.718749,-80.778853,90.0,bottom
R12,1M,R_0805_2012Metric,46.568749,-156.189499,0.0,top
R13,10k,R_0805_2012Metric,37.168749,-173.558874,180.0,top
R14,10k,R_0805_2012Metric,89.368749,-133.228874,-90.0,top
R15,100,R_0805_2012Metric,91.768749,-133.228874,-90.0,top
R16,1k,R_0805_2012Metric,365.918749,-92.146374,180.0,top
R17,1k,R_0805_2012Metric,342.106249,-92.146374,180.0,top
R18,1k,R_0805_2012Metric,325.437499,-92.146374,180.0,top
R19,1k,R_0805_2012Metric,306.387499,-92.146374,0.0,top
R20,1k,R_0805_2012Metric,287.337499,-92.146374,0.0,top
R21,1k,R_0805_2012Metric,265.906249,-92.146374,180.0,top
R22,1k,R_0805_2012Metric,242.093749,-92.146374,180.0,top
R23,1k,R_0805_2012Metric,223.043749,-92.146374,180.0,top
R24,1k,R_0805_2012Metric,203.993749,-92.146374,180.0,top
R25,1k,R_0805_2012Metric,183.165749,-92.146374,180.0,top
R26,1k,R_0805_2012Metric,159.353249,-92.146374,180.0,top
R27,1k,R_0805_2012Metric,140.303249,-92.146374,180.0,top
R28,1k,R_0805_2012Metric,121.253249,-92.146374,180.0,top
R29,1k,R_0805_2012Metric,56.356249,-92.146374,180.0,top
R30,1k,R_0805_2012Metric,99.218749,-92.146374,180.0,top
R31,1k,R_0805_2012Metric,75.406249,-92.146374,180.0,top
R32,1k,R_0805_2012Metric,37.306249,-92.146374,180.0,top
R33,1k,R_0805_2012Metric,365.918749,-115.958874,180.0,top
R34,1k,R_0805_2012Metric,346.887499,-115.958874,180.0,top
R35,1k,R_0805_2012Metric,327.818749,-115.958874,180.0,top
R36,1k,R_0805_2012Metric,308.768749,-115.958874,180.0,top
R37,1k,R_0805_2012Metric,289.718749,-115.958874,180.0,top
R38,1k,R_0805_2012Metric,270.668749,-115.958874,180.0,top
R39,1k,R_0805_2012Metric,251.618749,-115.958874,180.0,top
R40,1k,R_0805_2012Metric,232.568749,-115.958874,180.0,top
R41,1k,R_0805_2012Metric,219.868749,-112.386999,180.0,top
R42,1k,R_0805_2012Metric,200.468749,-112.386999,180.0,top
R43,1k,R_0805_2012Metric,175.418749,-115.958874,180.0,top
R44,1k,R_0805_2012Metric,156.368749,-115.958874,180.0,top
R45,1k,R_0805_2012Metric,137.318749,-115.958874,180.0,top
R46,1k,R_0805_2012Metric,127.793749,-115.958874,180.0,top
R47,1k,R_0805_2012Metric,113.756249,-112.356999,90.0,top
R48,1k,R_0805_2012Metric,75.406249,-115.958874,180.0,top
R49,1k,R_0805_2012Metric,50.403124,-113.577624,180.0,top
R50,1k,R_0805_2012Metric,42.068749,-112.386999,90.0,top
R51,1k,R_0805_2012Metric,361.156249,-135.008874,180.0,top
R52,1k,R_0805_2012Metric,337.343749,-135.008874,180.0,top
R53,1k,R_0805_2012Metric,318.293749,-135.008874,180.0,top
R54,1k,R_0805_2012Metric,299.243749,-135.008874,180.0,top
R55,1k,R_0805_2012Metric,280.193749,-135.008874,180.0,top
R56,1k,R_0805_2012Metric,261.143749,-135.008874,180.0,top
R57,1k,R_0805_2012Metric,242.093749,-135.008874,180.0,top
R58,1k,R_0805_2012Metric,223.043749,-135.008874,180.0,top
R59,1k,R_0805_2012Metric,203.993749,-135.008874,180.0,top
R60,1k,R_0805_2012Metric,184.943749,-135.008874,180.0,top
R61,1k,R_0805_2012Metric,165.893749,-135.008874,180.0,top
R62,1k,R_0805_2012Metric,146.843749,-135.008874,180.0,top
R63,1k,R_0805_2012Metric,134.774249,-135.008874,180.0,top
R64,1k,R_0805_2012Metric,113.518749,-132.694499,180.0,top
R65,1k,R_0805_2012Metric,70.168749,-130.758874,-90.0,top
R66,1k,R_0805_2012Metric,56.356249,-135.008874,180.0,top
R67,1k,R_0805_2012Metric,37.306249,-135.008874,180.0,top
R68,1k,R_0805_2012Metric,113.518749,-129.894499,0.0,top
R69,1k,R_0805_2012Metric,359.974998,-154.058874,180.0,top
R70,1k,R_0805_2012Metric,332.581249,-154.058874,180.0,top
R71,1k,R_0805_2012Metric,313.531249,-154.058874,180.0,top
R72,1k,R_0805_2012Metric,294.481249,-154.058874,180.0,top
R73,1k,R_0805_2012Metric,257.571874,-154.058874,180.0,top
R74,1k,R_0805_2012Metric,237.331249,-154.058874,180.0,top
R75,1k,R_0805_2012Metric,218.281249,-154.058874,180.0,top
R76,1k,R_0805_2012Metric,142.081249,-154.058874,180.0,top
R77,1k,R_0805_2012Metric,128.984374,-150.486999,180.0,top
R78,1k,R_0805_2012Metric,275.431249,-154.058874,180.0,top
R79,1k,R_0805_2012Metric,199.231249,-154.058874,180.0,top
R80,1k,R_0805_2012Metric,180.181249,-154.058874,180.0,top
R81,1k,R_0805_2012Metric,161.131249,-154.058874,180.0,top
R82,1k,R_0805_2012Metric,117.3,-151.544499,-90.0,top
R83,1k,R_0805_2012Metric,348.059374,-173.108874,180.0,top
R84,1k,R_0805_2012Metric,318.65,-169.574251,-90.0,top
R85,1k,R_0805_2012Metric,134.024999,-166.838249,180.0,top
R86,1k,R_0805_2012Metric,358.774999,-173.108874,180.0,top
R87,1k,R_0805_2012Metric,354.012499,-173.108874,180.0,top
R88,1k,R_0805_2012Metric,303.968749,-172.158874,180.0,top
R89,1k,R_0805_2012Metric,279.637499,-168.974251,90.0,top
R90,1k,R_0805_2012Metric,260.481249,-169.219499,90.0,top
R91,1k,R_0805_2012Metric,222.381249,-169.219499,90.0,top
R92,1k,R_0805_2012Metric,203.331249,-169.219499,90.0,top
R93,1k,R_0805_2012Metric,184.3,-169.744499,90.0,top
R94,1k,R_0805_2012Metric,165.231249,-169.219499,-90.0,top
R95,1k,R_0805_2012Metric,146.3,-168.944499,-90.0,top
R96,1k,R_0805_2012Metric,121.1,-169.544499,-90.0,top
R97,1k,R_0805_2012Metric,93.265624,-169.536999,180.0,top
R98,1k,R_0805_2012Metric,56.356249,-173.108874,180.0,top
R99,1k,R_0805_2012Metric,241.431249,-169.219499,90.0,top
R100,1k,R_0805_2012Metric,355.203124,-188.586999,0.0,top
R101,1k,R_0805_2012Metric,331.390624,-188.586999,0.0,top
R102,1k,R_0805_2012Metric,307.578124,-188.586999,0.0,top
R103,1k,R_0805_2012Metric,224.050653,-185.026832,-90.0,top
R104,1k,R_0805_2012Metric,164.703124,-187.894499,0.0,top
R105,1k,R_0805_2012Metric,143.271874,-188.586999,0.0,top
R106,1k,R_0805_2012Metric,119.459374,-188.586999,0.0,top
R107,1k,R_0805_2012Metric,95.646874,-188.586999,0.0,top
R108,1k,R_0805_2012Metric,48.021874,-185.152003,90.0,top
R109,1k,R_0805_2012Metric,45.640624,-185.152003,90.0,top
R110,1k,R_0805_2012Metric,81.768749,-187.958874,0.0,top
SW1,K2-1187SQ-A4SW-06,K2-1187SQ-A4SW-06,35.368749,-144.758874,90.0,top
SW2,MX Switch,MX100,365.918749,-83.494499,0.0,top
SW3,MX Switch,MX100,342.106249,-83.494499,0.0,top
SW4,MX Switch,MX100,327.818749,-83.494499,0.0,top
SW5,MX Switch,MX100,308.768749,-83.494499,0.0,top
SW6,MX Switch,MX100,289.718749,-83.494499,0.0,top
SW7,MX Switch,MX100,270.668749,-83.494499,0.0,top
SW8,MX Switch,MX100,242.093749,-83.494499,0.0,top
SW9,MX Switch,MX100,223.043749,-83.494499,0.0,top
SW10,MX Switch,MX100,203.993749,-83.494499,0.0,top
SW11,MX Switch,MX100,184.943749,-83.494499,0.0,top
SW12,MX Switch,MX100,156.368749,-83.494499,0.0,top
SW13,MX Switch,MX100,137.318749,-83.494499,0.0,top
SW14,MX Switch,MX100,118.268749,-83.494499,0.0,top
SW15,MX Switch,MX100,99.218749,-83.494499,0.0,top
SW16,MX Switch,MX100,75.406249,-83.494499,0.0,top
SW17,MX Switch,MX100,56.356249,-83.494499,0.0,top
SW18,MX Switch,MX100,37.306249,-83.494499,0.0,top
SW19,MX Switch,MX100,323.056249,-83.494499,0.0,top
SW20,MX Switch,MX100,304.006249,-83.494499,0.0,top
SW21,MX Switch,MX100,284.979222,-83.494499,0.0,top
SW22,MX Switch,MX100,261.143749,-83.494499,0.0,top
SW23,MX Switch,MX100,181.371874,-83.494499,0.0,top
SW24,MX Switch,MX100,162.321874,-83.494499,0.0,top
SW25,MX Switch,MX100,143.272622,-83.494499,0.0,top
SW26,MX Switch,MX100,124.222622,-83.494499,0.0,top
SW27,MX Switch,MX100,365.918749,-107.306999,0.0,top
SW28,MX Switch,MX100,346.868749,-107.306999,0.0,top
SW29,MX Switch,MX100,327.818749,-107.306999,0.0,top
SW30,MX Switch,MX100,308.768749,-107.306999,0.0,top
SW31,MX Switch,MX100,289.718749,-107.306999,0.0,top
SW32,MX Switch,MX100,270.668749,-107.306999,0.0,top
SW33,MX Switch,MX100,251.618749,-107.306999,0.0,top
SW34,MX Switch,MX100,232.568749,-107.306999,0.0,top
SW35,MX Switch,MX100,213.518749,-107.306999,0.0,top
SW36,MX Switch,MX100,194.468749,-107.306999,0.0,top
SW37,MX Switch,MX100,175.418749,-107.306999,0.0,top
SW38,MX Switch,MX100,156.368749,-107.306999,0.0,top
SW39,MX Switch,MX100,137.318749,-107.306999,0.0,top
SW40,MX Switch,MX200,108.743749,-107.306999,0.0,top
SW41,MX Switch,MX100,99.218749,-107.306999,0.0,top
SW42,MX Switch,MX100,56.356249,-107.306999,0.0,top
SW43,MX Switch,MX100,37.306249,-107.306999,0.0,top
SW44,MX Switch,MX100,118.268749,-107.306999,0.0,top
SW45,MX Switch,MX150,361.156249,-126.356999,0.0,top
SW46,MX Switch,MX100,337.343749,-126.356999,0.0,top
SW47,MX Switch,MX100,318.293749,-126.356999,0.0,top
SW48,MX Switch,MX100,299.243749,-126.356999,0.0,top
SW49,MX Switch,MX100,280.193749,-126.356999,0.0,top
SW50,MX Switch,MX100,261.143749,-126.356999,0.0,top
SW51,MX Switch,MX100,242.093749,-126.356999,0.0,top
SW52,MX Switch,MX100,223.043749,-126.356999,0.0,top
SW53,MX Switch,MX100,203.993749,-126.356999,0.0,top
SW54,MX Switch,MX100,184.943749,-126.356999,0.0,top
SW55,MX Switch,MX100,165.893749,-126.356999,0.0,top
SW56,MX Switch,MX100,146.843749,-126.356999,0.0,top
SW57,MX Switch,MX100,127.793749,-126.356999,0.0,top
SW58,MX Switch,MX150,103.981249,-126.356999,0.0,top
SW59,MX Switch,MX100,75.406249,-107.306999,0.0,top
SW60,MX Switch,MX100,56.356249,-126.356999,0.0,top
SW61,MX Switch,MX100,37.306249,-126.356999,0.0,top
SW62,MX Switch,MX175,358.774999,-145.406999,0.0,top
SW63,MX Switch,MX100,332.581249,-145.406999,0.0,top
SW64,MX Switch,MX100,313.531249,-145.406999,0.0,top
SW65,MX Switch,MX100,294.481249,-145.406999,0.0,top
SW66,MX Switch,MX100,275.431249,-145.406999,0.0,top
SW67,MX Switch,MX100,256.381249,-145.406999,0.0,top
SW68,MX Switch,MX100,237.331249,-145.406999,0.0,top
SW69,MX Switch,MX100,218.281249,-145.406999,0.0,top
SW70,MX Switch,MX100,199.231249,-145.406999,0.0,top
SW71,MX Switch,MX100,180.181249,-145.406999,0.0,top
SW72,MX Switch,MX100,161.131249,-145.406999,0.0,top
SW73,MX Switch,MX100,142.081249,-145.406999,0.0,top
SW74,MX Switch,MX100,123.031249,-145.406999,0.0,top
SW75,MX Switch,MX225R,111.124999,-145.406999,0.0,top
SW76,MX Switch,MX100,75.406249,-126.356999,0.0,top
SW77,MX Switch,MX125,363.537499,-145.406999,0.0,top
SW78,MX Switch,MX_ISOEnter_Horizontal,101.599999,-135.881999,0.0,top
SW79,MX Switch,MX225,354.012499,-164.456999,0.0,top
SW80,MX Switch,MX100,342.106249,-164.456999,0.0,top
SW81,MX Switch,MX100,323.056249,-164.456999,0.0,top
SW82,MX Switch,MX100,304.006249,-164.456999,0.0,top
SW83,MX Switch,MX100,284.956249,-164.456999,0.0,top
SW84,MX Switch,MX100,265.906249,-164.456999,0.0,top
SW85,MX Switch,MX100,246.856249,-164.456999,0.0,top
SW86,MX Switch,MX100,227.806249,-164.456999,0.0,top
SW87,MX Switch,MX100,208.756249,-164.456999,0.0,top
SW88,MX Switch,MX100,189.706249,-164.456999,0.0,top
SW89,MX Switch,MX100,170.656249,-164.456999,0.0,top
SW90,MX Switch,MX100,151.606249,-164.456999,0.0,top
SW91,MX Switch,MX275,115.887499,-164.456999,0.0,top
SW92,MX Switch,MX100,99.218749,-164.456999,0.0,top
SW93,MX Switch,MX100,56.356249,-164.456999,0.0,top
SW94,MX Switch,MX175,125.412499,-164.456999,0.0,top
SW95,MX Switch,MX125,363.537499,-164.456999,0.0,top
SW96,MX Switch,MX125,363.537499,-183.506999,0.0,top
SW97,MX Switch,MX125,339.724999,-183.506999,0.0,top
SW98,MX Switch,MX125,315.912499,-183.506999,0.0,top
SW99,MX Switch,MX625R,244.474999,-183.506999,0.0,top
SW100,MX Switch,MX125,173.037499,-183.506999,0.0,top
SW101,MX Switch,MX125,149.224999,-183.506999,0.0,top
SW102,MX Switch,MX125,125.412499,-183.506999,0.0,top
SW103,MX Switch,MX125,101.599999,-183.506999,0.0,top
SW104,MX Switch,MX100,75.406249,-183.506999,0.0,top
SW105,MX Switch,MX100,56.356249,-183.506999,0.0,top
SW106,MX Switch,MX100,37.306249,-183.506999,0.0,top
SW107,MX Switch,MX150,361.156249,-183.506999,0.0,top
SW108,MX Switch,MX100,337.343749,-183.506999,0.0,top
SW109,MX Switch,MX150,313.531249,-183.506999,0.0,top
SW110,MX Switch,MX700R,232.568749,-183.506999,0.0,top
SW111,MX Switch,MX150,151.606249,-183.506999,0.0,top
SW112,MX Switch,MX100,127.793749,-183.506999,0.0,top
SW113,MX Switch,MX150,103.981249,-183.506999,0.0,top
U1,TXS0101DBVR,SOT-23-6,46.006249,-92.344499,0.0,top
U2,USBLC6-2SC6,SOT-23-6,87.313247,-83.826853,270.0,bottom
U3,BL24C256A-SFRC,TSSOP-8_4.4x3mm_P0.65mm,54.974277,-148.7395,270.0,top
U4,STM32F411CEU6,STM_UFQFPN-48_LQFP-48-1EP_7x7mm_P0.5mm_HandSoldering_ThermalReliefs,71.324249,-149.489499,90.0,top
U5,MCP1700T-3302E/TT,SOT-23,70.518749,-92.294499,180.0,top
Y1,7325-0800A2010-00,Crystal_SMD_3225-4Pin_3.2x2.5mm,71.011749,-158.739499,180.0,top
